,precision,recall,f1-score,support
Normal,0.9285714285714286,0.7428571428571429,0.8253968253968254,35.0
Arrhythmia,0.9285714285714286,0.9558823529411765,0.9420289855072463,136.0
Other / Unknown,0.875,0.9655172413793104,0.9180327868852459,29.0
accuracy,0.92,0.92,0.92,0.92
macro avg,0.9107142857142857,0.88808557905921,0.8951528659297726,200.0
weighted avg,0.9208035714285714,0.92,0.9181389086877325,200.0
