,precision,recall,f1-score,support
Normal,0.7142857142857143,0.625,0.6666666666666666,8.0
Arrhythmia,0.9545454545454546,0.9130434782608695,0.9333333333333333,46.0
Other / Unknown,0.6666666666666666,1.0,0.8,6.0
accuracy,0.8833333333333333,0.8833333333333333,0.8833333333333333,0.8833333333333333
macro avg,0.7784992784992785,0.8460144927536232,0.8000000000000002,60.0
weighted avg,0.8937229437229438,0.8833333333333333,0.8844444444444446,60.0
